{
    "metadata": {
        "input_documents": [
            "South of France - Cities.pdf",
            "South of France - Cuisine.pdf",
            "South of France - History.pdf",
            "South of France - Restaurants and Hotels.pdf",
            "South of France - Things to Do.pdf",
            "South of France - Tips and Tricks.pdf",
            "South of France - Traditions and Culture.pdf"
        ],
        "persona": "Travel Planner",
        "job_to_be_done": "Plan a trip of 4 days for a group of 10 college friends.",
        "processing_timestamp": "2025-07-28T10:42:55.502287"
    },
    "extracted_sections": [
        {
            "document": "South of France - Tips and Tricks.pdf",
            "section_title": "South of France - Tips and Tricks",
            "importance_rank": 1,
            "page_number": 8
        },
        {
            "document": "South of France - Tips and Tricks.pdf",
            "section_title": "South of France - Tips and Tricks",
            "importance_rank": 2,
            "page_number": 9
        },
        {
            "document": "South of France - Cities.pdf",
            "section_title": "South of France - Cities",
            "importance_rank": 3,
            "page_number": 9
        },
        {
            "document": "South of France - Tips and Tricks.pdf",
            "section_title": "South of France - Tips and Tricks",
            "importance_rank": 4,
            "page_number": 8
        },
        {
            "document": "South of France - Tips and Tricks.pdf",
            "section_title": "South of France - Tips and Tricks",
            "importance_rank": 5,
            "page_number": 7
        }
    ],
    "subsection_analysis": [
        {
            "document": "South of France - Tips and Tricks.pdf",
            "refined_text": "\u2022 \nAdditional Tips: Plan your wine tour route in advance and consider hiring a driver or \njoining a guided tour to avoid drinking and driving.",
            "page_number": 8
        },
        {
            "document": "South of France - Tips and Tricks.pdf",
            "refined_text": "Packing for a trip to the South of France involves considering the season, planned activities, \nand the needs of both adults and children. By following this comprehensive guide and \nincorporating the tips and tricks provided, you'll be well-prepared for a comfortable and \nenjoyable trip. Remember to pack light, versatile clothing, and essential items to make the \nmost of your travel experience. Bon voyage!",
            "page_number": 9
        },
        {
            "document": "South of France - Cities.pdf",
            "refined_text": "\u2022 \nAirbus Factory Tours: Visit the Airbus factory for a fascinating tour of one of the \nworld's leading aircraft manufacturers.",
            "page_number": 9
        },
        {
            "document": "South of France - Tips and Tricks.pdf",
            "refined_text": "\u2022 \nAdditional Tips: Pack a small travel umbrella, a reusable shopping bag, and a \nportable phone charger. Consider using a luggage scale to avoid overweight baggage \nfees.",
            "page_number": 8
        },
        {
            "document": "South of France - Tips and Tricks.pdf",
            "refined_text": "\u2022 \nAdditional Tips: Wear moisture-wicking clothing and sturdy hiking boots. Bring a map \nand compass or GPS device. Pack energy bars or snacks for long hikes.",
            "page_number": 7
        }
    ]
}